Entity,Code,Year,"Water productivity, total (constant 2015 US$ GDP per cubic meter of total freshwater withdrawal)"
Afghanistan,AFG,2002,0.37081101536750793
Afghanistan,AFG,2007,0.5459305047988892
Afghanistan,AFG,2012,0.8918638825416565
Afghanistan,AFG,2017,1.0302695035934448
Albania,ALB,1992,2.9807567596435547
Albania,ALB,1997,3.222933053970337
Albania,ALB,2002,4.12343692779541
Albania,ALB,2007,7.132068634033203
Albania,ALB,2012,9.065555572509766
Albania,ALB,2017,10.27912425994873
Algeria,DZA,1972,17.595504760742188
Algeria,DZA,1977,19.1739501953125
Algeria,DZA,1982,20.976104736328125
Algeria,DZA,1987,19.805072784423828
Algeria,DZA,1992,17.310976028442383
Algeria,DZA,1997,16.26523780822754
Algeria,DZA,2002,17.381303787231445
Algeria,DZA,2007,18.882617950439453
Algeria,DZA,2012,19.230464935302734
Algeria,DZA,2017,17.702232360839844
Angola,AGO,1987,72.20985412597656
Angola,AGO,1992,62.3748893737793
Angola,AGO,1997,60.42460250854492
Angola,AGO,2002,71.42768859863281
Angola,AGO,2007,112.77249908447266
Angola,AGO,2012,148.26113891601562
Angola,AGO,2017,160.166015625
Antigua and Barbuda,ATG,1992,356.47503662109375
Antigua and Barbuda,ATG,1997,282.0668640136719
Antigua and Barbuda,ATG,2002,233.310791015625
Antigua and Barbuda,ATG,2007,309.7491760253906
Antigua and Barbuda,ATG,2012,283.6048583984375
Antigua and Barbuda,ATG,2017,330.5740051269531
Argentina,ARG,1977,9.74182415008545
Argentina,ARG,1982,9.706220626831055
Argentina,ARG,1987,10.536498069763184
Argentina,ARG,1992,11.015832901000977
Argentina,ARG,1997,13.567960739135742
Argentina,ARG,2002,10.63159465789795
Argentina,ARG,2007,14.637474060058594
Argentina,ARG,2012,15.386316299438477
Argentina,ARG,2017,15.887260437011719
Armenia,ARM,1997,1.8233262300491333
Armenia,ARM,2002,2.836228370666504
Armenia,ARM,2007,3.0118398666381836
Armenia,ARM,2012,3.249039888381958
Armenia,ARM,2017,3.9677233695983887
Australia,AUS,1997,34.93886947631836
Australia,AUS,2002,44.67710876464844
Australia,AUS,2007,67.75389862060547
Australia,AUS,2012,81.55757904052734
Australia,AUS,2017,89.12533569335938
Austria,AUT,1982,57.115299224853516
Austria,AUT,1987,58.56006622314453
Austria,AUT,1992,69.37010192871094
Austria,AUT,1997,77.02598571777344
Austria,AUT,2002,89.51958465576172
Austria,AUT,2007,103.42803192138672
Austria,AUT,2012,107.56564331054688
Austria,AUT,2017,114.25727844238281
Azerbaijan,AZE,1992,0.9756156206130981
Azerbaijan,AZE,1997,0.7370857000350952
Azerbaijan,AZE,2002,1.4457340240478516
Azerbaijan,AZE,2007,3.085664987564087
Azerbaijan,AZE,2012,4.032826900482178
Azerbaijan,AZE,2017,4.031374454498291
Bahrain,BHR,1992,51.44060516357422
Bahrain,BHR,1997,51.95053482055664
Bahrain,BHR,2002,63.93947219848633
Bahrain,BHR,2007,105.54443359375
Bahrain,BHR,2012,145.00949096679688
Bahrain,BHR,2017,216.21685791015625
Bangladesh,BGD,2012,4.53938102722168
Bangladesh,BGD,2017,6.249686241149902
Barbados,BRB,1977,57.58148956298828
Barbados,BRB,1982,55.513553619384766
Barbados,BRB,1987,56.00824737548828
Barbados,BRB,1992,47.367393493652344
Barbados,BRB,1997,50.10029983520508
Barbados,BRB,2002,53.59147644042969
Barbados,BRB,2007,72.2988052368164
Barbados,BRB,2012,66.76831817626953
Barbados,BRB,2017,69.35467529296875
Belarus,BLR,1997,11.453369140625
Belarus,BLR,2002,16.09867286682129
Belarus,BLR,2007,27.266178131103516
Belarus,BLR,2012,37.45623779296875
Belarus,BLR,2017,40.38787078857422
Belgium,BEL,1982,27.015687942504883
Belgium,BEL,1987,30.285921096801758
Belgium,BEL,1992,36.07569122314453
Belgium,BEL,1997,43.41416549682617
Belgium,BEL,2002,55.80598068237305
Belgium,BEL,2007,68.86703491210938
Belgium,BEL,2012,83.74102783203125
Belgium,BEL,2017,119.0767593383789
Belize,BLZ,1987,21.3455867767334
Belize,BLZ,1992,20.80068588256836
Belize,BLZ,1997,11.04224681854248
Belize,BLZ,2002,11.484649658203125
Belize,BLZ,2007,14.13253402709961
Belize,BLZ,2012,15.75961685180664
Belize,BLZ,2017,17.35003089904785
Benin,BEN,1987,30.223684310913086
Benin,BEN,1992,29.54556655883789
Benin,BEN,1997,37.41325378417969
Benin,BEN,2002,52.73236846923828
Benin,BEN,2007,63.830787658691406
Benin,BEN,2012,75.49649047851562
Benin,BEN,2017,95.6611099243164
Bhutan,BTN,2012,5.147464275360107
Bhutan,BTN,2017,6.709707260131836
Bolivia,BOL,1987,8.640542984008789
Bolivia,BOL,1992,8.335246086120605
Bolivia,BOL,1997,8.7402925491333
Bolivia,BOL,2002,9.039650917053223
Bolivia,BOL,2007,10.665322303771973
Bolivia,BOL,2012,13.382668495178223
Bolivia,BOL,2017,17.169902801513672
Bosnia and Herzegovina,BIH,2002,29.2427921295166
Bosnia and Herzegovina,BIH,2007,37.744285583496094
Bosnia and Herzegovina,BIH,2012,34.70284652709961
Bosnia and Herzegovina,BIH,2017,43.03443908691406
Botswana,BWA,1987,34.11646270751953
Botswana,BWA,1992,46.49061584472656
Botswana,BWA,1997,41.60268020629883
Botswana,BWA,2002,41.795860290527344
Botswana,BWA,2007,54.6895751953125
Botswana,BWA,2012,65.07341003417969
Botswana,BWA,2017,80.19699096679688
Brazil,BRA,1987,26.18425750732422
Brazil,BRA,1992,20.122295379638672
Brazil,BRA,1997,20.443225860595703
Brazil,BRA,2002,21.84389305114746
Brazil,BRA,2007,24.253196716308594
Brazil,BRA,2012,25.835248947143555
Brazil,BRA,2017,26.891523361206055
Brunei,BRN,1992,120.82887268066406
Brunei,BRN,1997,117.04072570800781
Brunei,BRN,2002,131.64947509765625
Brunei,BRN,2007,142.9148712158203
Brunei,BRN,2012,147.8756866455078
Brunei,BRN,2017,138.88616943359375
Bulgaria,BGR,1982,2.261021375656128
Bulgaria,BGR,1987,2.9788408279418945
Bulgaria,BGR,1992,4.3860015869140625
Bulgaria,BGR,1997,4.544957160949707
Bulgaria,BGR,2002,5.004044055938721
Bulgaria,BGR,2007,7.256068229675293
Bulgaria,BGR,2012,8.337886810302734
Bulgaria,BGR,2017,9.618986129760742
Burkina Faso,BFA,1987,9.00366497039795
Burkina Faso,BFA,1992,8.845662117004395
Burkina Faso,BFA,1997,9.211891174316406
Burkina Faso,BFA,2002,7.510607719421387
Burkina Faso,BFA,2007,9.405294418334961
Burkina Faso,BFA,2012,12.631237030029297
Burkina Faso,BFA,2017,16.303239822387695
Burundi,BDI,1987,21.65793228149414
Burundi,BDI,1992,14.6869535446167
Burundi,BDI,1997,7.776823043823242
Burundi,BDI,2002,7.318544387817383
Burundi,BDI,2007,8.479949951171875
Burundi,BDI,2012,10.544541358947754
Burundi,BDI,2017,11.071748733520508
Cambodia,KHM,2007,5.159390926361084
Cambodia,KHM,2012,6.70778751373291
Cambodia,KHM,2017,9.44277286529541
Cameroon,CMR,1987,43.30557632446289
Cameroon,CMR,1992,33.95664596557617
Cameroon,CMR,1997,19.24626922607422
Cameroon,CMR,2002,17.550838470458984
Cameroon,CMR,2007,20.238842010498047
Cameroon,CMR,2012,24.09950828552246
Cameroon,CMR,2017,30.792978286743164
Canada,CAN,1997,22.163557052612305
Canada,CAN,2002,26.318439483642578
Canada,CAN,2007,33.5100212097168
Canada,CAN,2012,40.3117561340332
Canada,CAN,2017,45.33684539794922
Cape Verde,CPV,2002,39.89030456542969
Cape Verde,CPV,2007,54.87179946899414
Cape Verde,CPV,2012,61.61127853393555
Cape Verde,CPV,2017,68.53115844726562
Central African Republic,CAF,1987,75.81493377685547
Central African Republic,CAF,1992,37.14344787597656
Central African Republic,CAF,1997,28.600055694580078
Central African Republic,CAF,2002,26.396778106689453
Central African Republic,CAF,2007,27.746904373168945
Central African Republic,CAF,2012,35.216041564941406
Central African Republic,CAF,2017,25.61109733581543
Chad,TCD,1987,11.906661033630371
Chad,TCD,1992,7.131700038909912
Chad,TCD,1997,4.640711307525635
Chad,TCD,2002,4.406327247619629
Chad,TCD,2007,8.06731128692627
Chad,TCD,2012,10.720999717712402
Chad,TCD,2017,11.321721076965332
Chile,CHL,1992,4.290217399597168
Chile,CHL,1997,4.739596843719482
Chile,CHL,2002,4.56525182723999
Chile,CHL,2007,5.281620025634766
Chile,CHL,2012,6.366731643676758
Chile,CHL,2017,7.0977020263671875
China,CHN,1982,1.052100658416748
China,CHN,1987,1.745650291442871
China,CHN,1992,2.480430841445923
China,CHN,1997,4.072592258453369
China,CHN,2002,5.9312520027160645
China,CHN,2007,10.008750915527344
China,CHN,2012,14.907060623168945
China,CHN,2017,21.358957290649414
Colombia,COL,2002,18.699399948120117
Colombia,COL,2007,18.988056182861328
Colombia,COL,2012,20.458377838134766
Colombia,COL,2017,22.326326370239258
Comoros,COM,2002,67.5660171508789
Comoros,COM,2007,74.81471252441406
Comoros,COM,2012,89.5423355102539
Comoros,COM,2017,103.61931610107422
Congo,COG,1987,132.66067504882812
Congo,COG,1992,139.9919891357422
Congo,COG,1997,134.7666473388672
Congo,COG,2002,152.13584899902344
Congo,COG,2007,172.45755004882812
Congo,COG,2012,252.83201599121094
Congo,COG,2017,220.6370086669922
Costa Rica,CRI,2012,21.936878204345703
Costa Rica,CRI,2017,19.179794311523438
Cote d'Ivoire,CIV,1987,32.82107925415039
Cote d'Ivoire,CIV,1992,20.509490966796875
Cote d'Ivoire,CIV,1997,21.81769561767578
Cote d'Ivoire,CIV,2002,20.216493606567383
Cote d'Ivoire,CIV,2007,21.25530242919922
Cote d'Ivoire,CIV,2012,28.469728469848633
Cote d'Ivoire,CIV,2017,45.36800765991211
Croatia,HRV,2002,73.93843841552734
Croatia,HRV,2007,82.46722412109375
Croatia,HRV,2012,73.72689056396484
Croatia,HRV,2017,78.79492950439453
Cuba,CUB,1997,7.767324924468994
Cuba,CUB,2002,9.113587379455566
Cuba,CUB,2007,14.212939262390137
Cuba,CUB,2012,12.092215538024902
Cuba,CUB,2017,12.814750671386719
Cyprus,CYP,1977,26.505937576293945
Cyprus,CYP,1982,31.747474670410156
Cyprus,CYP,1987,37.57003402709961
Cyprus,CYP,1992,51.519832611083984
Cyprus,CYP,1997,72.75226593017578
Cyprus,CYP,2002,98.2762680053711
Cyprus,CYP,2007,127.14444732666016
Cyprus,CYP,2012,82.08027648925781
Cyprus,CYP,2017,102.81736755371094
Czechia,CZE,1997,48.2161979675293
Czechia,CZE,2002,69.2574691772461
Czechia,CZE,2007,87.52737426757812
Czechia,CZE,2012,94.84488677978516
Czechia,CZE,2017,124.3984603881836
Democratic Republic of Congo,COD,1997,36.305206298828125
Democratic Republic of Congo,COD,2002,26.69965934753418
Democratic Republic of Congo,COD,2007,32.61772918701172
Democratic Republic of Congo,COD,2012,43.6860466003418
Democratic Republic of Congo,COD,2017,58.915409088134766
Denmark,DNK,1972,155.45021057128906
Denmark,DNK,1977,129.04507446289062
Denmark,DNK,1982,120.45092010498047
Denmark,DNK,1987,147.81689453125
Denmark,DNK,1992,175.58889770507812
Denmark,DNK,1997,262.4931335449219
Denmark,DNK,2002,407.61187744140625
Denmark,DNK,2007,530.369873046875
Denmark,DNK,2012,395.80072021484375
Denmark,DNK,2017,433.56573486328125
Djibouti,DJI,2017,143.7901611328125
Dominica,DMA,1997,24.210617065429688
Dominica,DMA,2002,25.057661056518555
Dominica,DMA,2007,27.910390853881836
Dominica,DMA,2012,26.87003517150879
Dominica,DMA,2017,25.84269905090332
Dominican Republic,DOM,2002,7.475749492645264
Dominican Republic,DOM,2007,8.068574905395508
Dominican Republic,DOM,2012,7.480496883392334
Dominican Republic,DOM,2017,8.751587867736816
East Asia and Pacific,,1982,5.502954959869385
East Asia and Pacific,,1987,6.1273064613342285
East Asia and Pacific,,1992,7.465808391571045
East Asia and Pacific,,1997,9.580037117004395
East Asia and Pacific,,2002,10.80028247833252
East Asia and Pacific,,2007,12.475268363952637
East Asia and Pacific,,2012,15.093769073486328
East Asia and Pacific,,2017,18.74247169494629
Ecuador,ECU,2002,6.029289722442627
Ecuador,ECU,2007,7.278391361236572
Ecuador,ECU,2012,9.183991432189941
Ecuador,ECU,2017,10.124794960021973
Egypt,EGY,1977,1.0283170938491821
Egypt,EGY,1982,1.4587167501449585
Egypt,EGY,1987,1.8655052185058594
Egypt,EGY,1992,2.224680185317993
Egypt,EGY,1997,2.4297304153442383
Egypt,EGY,2002,2.7482621669769287
Egypt,EGY,2007,3.3217904567718506
Egypt,EGY,2012,4.71068811416626
Egypt,EGY,2017,5.577151298522949
El Salvador,SLV,1992,18.81391143798828
El Salvador,SLV,1997,14.599528312683105
El Salvador,SLV,2002,10.748936653137207
El Salvador,SLV,2007,9.495266914367676
El Salvador,SLV,2012,10.392931938171387
El Salvador,SLV,2017,11.603052139282227
Equatorial Guinea,GNQ,1987,17.441295623779297
Equatorial Guinea,GNQ,1992,18.036884307861328
Equatorial Guinea,GNQ,1997,93.5747299194336
Equatorial Guinea,GNQ,2002,287.0213623046875
Equatorial Guinea,GNQ,2007,606.7092895507812
Equatorial Guinea,GNQ,2012,761.1115112304688
Equatorial Guinea,GNQ,2017,572.8082885742188
Estonia,EST,1997,8.851544380187988
Estonia,EST,2002,11.137843132019043
Estonia,EST,2007,12.75841236114502
Estonia,EST,2012,13.179059982299805
Estonia,EST,2017,13.99704647064209
Eswatini,SWZ,1982,1.2784700393676758
Eswatini,SWZ,1987,1.6112980842590332
Eswatini,SWZ,1992,2.197558879852295
Eswatini,SWZ,1997,2.349344491958618
Eswatini,SWZ,2002,2.4912548065185547
Eswatini,SWZ,2007,3.100579023361206
Eswatini,SWZ,2012,3.5511460304260254
Eswatini,SWZ,2017,3.923799991607666
Ethiopia,ETH,2002,3.432481050491333
Ethiopia,ETH,2007,3.5068674087524414
Ethiopia,ETH,2012,5.0138349533081055
Ethiopia,ETH,2017,7.341848850250244
Europe and Central Asia,,1987,39.95223617553711
Europe and Central Asia,,1992,28.55161476135254
Europe and Central Asia,,1997,26.410066604614258
Europe and Central Asia,,2002,31.6790828704834
Europe and Central Asia,,2007,38.248104095458984
Europe and Central Asia,,2012,39.27680206298828
Europe and Central Asia,,2017,43.04582977294922
European Union,,1972,26.178741455078125
European Union,,1977,23.216991424560547
European Union,,1982,27.635543823242188
European Union,,1987,30.86951446533203
European Union,,1992,35.25861358642578
European Union,,1997,41.3484001159668
European Union,,2002,48.93141174316406
European Union,,2007,59.251399993896484
European Union,,2012,61.64243698120117
European Union,,2017,72.56456756591797
Fiji,FJI,1987,76.70916748046875
Fiji,FJI,1992,54.65216064453125
Fiji,FJI,1997,44.064640045166016
Fiji,FJI,2002,42.252506256103516
Fiji,FJI,2007,44.66413116455078
Fiji,FJI,2012,47.718231201171875
Fiji,FJI,2017,59.526954650878906
Finland,FIN,1972,25.57984733581543
Finland,FIN,1977,27.24720001220703
Finland,FIN,1982,31.25419807434082
Finland,FIN,1987,42.05283737182617
Finland,FIN,1992,58.380916595458984
Finland,FIN,1997,68.52528381347656
Finland,FIN,2002,49.27851104736328
Finland,FIN,2007,37.23063659667969
Finland,FIN,2012,35.98838806152344
Finland,FIN,2017,37.903987884521484
France,FRA,1982,41.39166259765625
France,FRA,1987,40.99971389770508
France,FRA,1992,43.46519470214844
France,FRA,1997,60.5777702331543
France,FRA,2002,65.21441650390625
France,FRA,2007,75.2972183227539
France,FRA,2012,84.62551879882812
France,FRA,2017,95.37748718261719
Gabon,GAB,1987,106.30560302734375
Gabon,GAB,1992,101.5867691040039
Gabon,GAB,1997,98.50589752197266
Gabon,GAB,2002,77.23062133789062
Gabon,GAB,2007,77.2935562133789
Gabon,GAB,2012,90.32929229736328
Gabon,GAB,2017,106.0627212524414
Gambia,GMB,1982,24.96610450744629
Gambia,GMB,1987,15.187131881713867
Gambia,GMB,1992,12.372465133666992
Gambia,GMB,1997,10.359729766845703
Gambia,GMB,2002,10.352877616882324
Gambia,GMB,2007,11.07448673248291
Gambia,GMB,2012,12.85258960723877
Gambia,GMB,2017,14.495231628417969
Georgia,GEO,1992,2.3445773124694824
Georgia,GEO,1997,2.4832262992858887
Georgia,GEO,2002,3.7665202617645264
Georgia,GEO,2007,6.154270172119141
Georgia,GEO,2012,7.357937335968018
Georgia,GEO,2017,8.850129127502441
Germany,DEU,1992,54.51949691772461
Germany,DEU,1997,62.12016677856445
Germany,DEU,2002,77.82782745361328
Germany,DEU,2007,96.46316528320312
Germany,DEU,2012,115.53938293457031
Germany,DEU,2017,144.13290405273438
Ghana,GHA,1972,29.341934204101562
Ghana,GHA,1977,20.969860076904297
Ghana,GHA,1982,16.039817810058594
Ghana,GHA,1987,16.07818031311035
Ghana,GHA,1992,17.303041458129883
Ghana,GHA,1997,18.620845794677734
Ghana,GHA,2002,20.228477478027344
Ghana,GHA,2007,23.363750457763672
Ghana,GHA,2012,32.03300476074219
Ghana,GHA,2017,36.6510124206543
Greece,GRC,1972,26.295207977294922
Greece,GRC,1977,28.973913192749023
Greece,GRC,1982,27.61776351928711
Greece,GRC,1987,22.744304656982422
Greece,GRC,1992,20.45582389831543
Greece,GRC,1997,20.85072135925293
Greece,GRC,2002,23.61219596862793
Greece,GRC,2007,27.658409118652344
Greece,GRC,2012,20.15668487548828
Greece,GRC,2017,17.513402938842773
Grenada,GRD,2005,89.57498931884766
Grenada,GRD,2014,66.42962646484375
Guatemala,GTM,2002,15.096529960632324
Guatemala,GTM,2007,14.488572120666504
Guatemala,GTM,2012,16.594390869140625
Guatemala,GTM,2017,19.800228118896484
Guinea,GIN,1987,4.133811950683594
Guinea,GIN,1992,5.517355918884277
Guinea,GIN,1997,7.627059459686279
Guinea,GIN,2002,10.054265975952148
Guinea,GIN,2007,11.340539932250977
Guinea,GIN,2012,13.690144538879395
Guinea,GIN,2017,18.727537155151367
Guinea-Bissau,GNB,1992,14.351441383361816
Guinea-Bissau,GNB,1997,5.176598072052002
Guinea-Bissau,GNB,2002,4.011071681976318
Guinea-Bissau,GNB,2007,4.566205978393555
Guinea-Bissau,GNB,2012,5.413518905639648
Guinea-Bissau,GNB,2017,6.741775035858154
Guyana,GUY,1992,1.395430564880371
Guyana,GUY,1997,1.8313312530517578
Guyana,GUY,2002,1.8482351303100586
Guyana,GUY,2007,2.1880505084991455
Guyana,GUY,2012,2.791443109512329
Guyana,GUY,2017,3.1900813579559326
Haiti,HTI,1992,9.804388046264648
Haiti,HTI,1997,7.7469024658203125
Haiti,HTI,2002,7.892964839935303
Haiti,HTI,2007,8.596429824829102
Haiti,HTI,2012,9.459863662719727
Haiti,HTI,2017,10.661255836486816
High income,,1977,23.230682373046875
High income,,1982,21.127891540527344
High income,,1987,26.102041244506836
High income,,1992,30.353918075561523
High income,,1997,34.14668655395508
High income,,2002,38.820457458496094
High income,,2007,46.50239562988281
High income,,2012,50.2537956237793
High income,,2017,55.57417297363281
Honduras,HND,2007,10.405084609985352
Honduras,HND,2012,11.868075370788574
Honduras,HND,2017,14.220342636108398
Hungary,HUN,1992,10.693256378173828
Hungary,HUN,1997,13.710731506347656
Hungary,HUN,2002,17.3288631439209
Hungary,HUN,2007,21.576894760131836
Hungary,HUN,2012,22.46553611755371
Hungary,HUN,2017,29.621158599853516
Iceland,ISL,1997,61.482059478759766
Iceland,ISL,2002,75.18022918701172
Iceland,ISL,2007,78.07723999023438
Iceland,ISL,2012,53.66164779663086
Iceland,ISL,2017,66.905517578125
India,IND,1977,0.6282551884651184
India,IND,1982,0.6437196135520935
India,IND,1987,0.7621350884437561
India,IND,1992,0.9499227404594421
India,IND,1997,1.1554540395736694
India,IND,2002,1.3599475622177124
India,IND,2007,1.7785580158233643
India,IND,2012,2.632580280303955
India,IND,2017,3.7560083866119385
Indonesia,IDN,1992,3.7425732612609863
Indonesia,IDN,1997,4.232617378234863
Indonesia,IDN,2002,3.3702809810638428
Indonesia,IDN,2007,3.465291738510132
Indonesia,IDN,2012,3.791917085647583
Indonesia,IDN,2017,4.267171382904053
Iran,IRN,1977,5.589128494262695
Iran,IRN,1982,3.289219379425049
Iran,IRN,1987,2.668879270553589
Iran,IRN,1992,3.1645591259002686
Iran,IRN,1997,2.744499683380127
Iran,IRN,2002,3.040545701980591
Iran,IRN,2007,3.9497249126434326
Iran,IRN,2012,4.020019054412842
Iran,IRN,2017,4.8726487159729
Iraq,IRQ,1977,0.5539084076881409
Iraq,IRQ,1982,0.9982302188873291
Iraq,IRQ,1987,0.9718943238258362
Iraq,IRQ,1992,0.6230307817459106
Iraq,IRQ,1997,0.9312192797660828
Iraq,IRQ,2002,1.5288171768188477
Iraq,IRQ,2007,1.910398006439209
Iraq,IRQ,2012,3.379432439804077
Iraq,IRQ,2017,4.837822437286377
Ireland,IRL,1982,54.95039367675781
Ireland,IRL,1987,59.38185501098633
Ireland,IRL,1992,73.0741195678711
Ireland,IRL,1997,112.18547821044922
Ireland,IRL,2002,195.7682342529297
Ireland,IRL,2007,310.9661560058594
Ireland,IRL,2012,279.39141845703125
Ireland,IRL,2017,428.0107116699219
Israel,ISR,1997,104.44770050048828
Israel,ISR,2002,122.25577545166016
Israel,ISR,2007,167.10459899902344
Israel,ISR,2012,214.78504943847656
Israel,ISR,2017,269.35430908203125
Italy,ITA,1972,20.94628143310547
Italy,ITA,1977,23.96315574645996
Italy,ITA,1982,27.180374145507812
Italy,ITA,1987,33.07518768310547
Italy,ITA,1992,37.88301086425781
Italy,ITA,1997,38.42586135864258
Italy,ITA,2002,45.09682083129883
Italy,ITA,2007,59.505672454833984
Italy,ITA,2012,54.612396240234375
Italy,ITA,2017,55.5330696105957
Jamaica,JAM,1997,12.341002464294434
Jamaica,JAM,2002,11.12399959564209
Jamaica,JAM,2007,10.945980072021484
Jamaica,JAM,2012,9.318450927734375
Jamaica,JAM,2017,10.76110553741455
Japan,JPN,1982,27.408802032470703
Japan,JPN,1987,33.24315643310547
Japan,JPN,1992,40.16777038574219
Japan,JPN,1997,44.20431900024414
Japan,JPN,2002,47.4106330871582
Japan,JPN,2007,52.577144622802734
Japan,JPN,2012,52.6695442199707
Japan,JPN,2017,56.06198501586914
Jordan,JOR,1977,12.8051176071167
Jordan,JOR,1982,21.081764221191406
Jordan,JOR,1987,17.72899055480957
Jordan,JOR,1992,14.393932342529297
Jordan,JOR,1997,20.064233779907227
Jordan,JOR,2002,27.707002639770508
Jordan,JOR,2007,31.402864456176758
Jordan,JOR,2012,41.80047607421875
Jordan,JOR,2017,44.46428680419922
Kazakhstan,KAZ,1997,2.21528697013855
Kazakhstan,KAZ,2002,3.705061674118042
Kazakhstan,KAZ,2007,5.728067874908447
Kazakhstan,KAZ,2012,7.712031364440918
Kazakhstan,KAZ,2017,8.644088745117188
Kenya,KEN,1992,13.727731704711914
Kenya,KEN,1997,17.660419464111328
Kenya,KEN,2002,16.177656173706055
Kenya,KEN,2007,15.382370948791504
Kenya,KEN,2012,16.862234115600586
Kenya,KEN,2017,17.615968704223633
Kuwait,KWT,1997,183.48065185546875
Kuwait,KWT,2002,152.3750457763672
Kuwait,KWT,2007,199.46444702148438
Kuwait,KWT,2012,181.08621215820312
Kuwait,KWT,2017,145.90689086914062
Kyrgyzstan,KGZ,1997,0.31730982661247253
Kyrgyzstan,KGZ,2002,0.3988926410675049
Kyrgyzstan,KGZ,2007,0.6152451634407043
Kyrgyzstan,KGZ,2012,0.722990095615387
Kyrgyzstan,KGZ,2017,0.9469314813613892
Laos,LAO,2007,1.786782145500183
Laos,LAO,2012,1.731691598892212
Laos,LAO,2017,2.2489867210388184
Latin America and Caribbean,,1967,19.670778274536133
Latin America and Caribbean,,1972,14.032027244567871
Latin America and Caribbean,,1977,9.959794044494629
Latin America and Caribbean,,1982,9.829889297485352
Latin America and Caribbean,,1987,14.301804542541504
Latin America and Caribbean,,1992,12.903862953186035
Latin America and Caribbean,,1997,13.787504196166992
Latin America and Caribbean,,2002,13.352523803710938
Latin America and Caribbean,,2005,89.57498931884766
Latin America and Caribbean,,2007,14.962096214294434
Latin America and Caribbean,,2012,15.925792694091797
Latin America and Caribbean,,2014,66.42962646484375
Latin America and Caribbean,,2017,16.697694778442383
Latvia,LVA,1997,37.91790008544922
Latvia,LVA,2002,73.37860870361328
Latvia,LVA,2007,139.3898162841797
Latvia,LVA,2012,102.04248809814453
Latvia,LVA,2017,158.9868927001953
Lebanon,LBN,1992,14.000328063964844
Lebanon,LBN,1997,18.19875717163086
Lebanon,LBN,2002,22.845317840576172
Lebanon,LBN,2007,28.157880783081055
Lebanon,LBN,2012,29.333383560180664
Lebanon,LBN,2017,28.21994400024414
Lesotho,LSO,1987,15.858819961547852
Lesotho,LSO,1992,23.598098754882812
Lesotho,LSO,1997,31.39977264404297
Lesotho,LSO,2002,34.614952087402344
Lesotho,LSO,2007,41.35475540161133
Lesotho,LSO,2012,50.45881652832031
Lesotho,LSO,2017,54.05556106567383
Liberia,LBR,2002,16.976247787475586
Liberia,LBR,2007,14.221083641052246
Liberia,LBR,2012,19.89215660095215
Liberia,LBR,2017,21.955825805664062
Libya,LBY,2002,7.5684895515441895
Libya,LBY,2007,10.028964042663574
Libya,LBY,2012,8.133543968200684
Libya,LBY,2017,5.993825912475586
Lithuania,LTU,1997,5.3543925285339355
Lithuania,LTU,2002,9.86669635772705
Lithuania,LTU,2007,17.098604202270508
Lithuania,LTU,2012,70.53990936279297
Lithuania,LTU,2017,170.96766662597656
Low and middle income,,1972,19.189712524414062
Low and middle income,,1977,1.3675835132598877
Low and middle income,,1982,1.5959680080413818
Low and middle income,,1987,2.5181355476379395
Low and middle income,,1992,3.520855188369751
Low and middle income,,1997,3.9295122623443604
Low and middle income,,2001,23.9985408782959
Low and middle income,,2002,4.600770950317383
Low and middle income,,2005,23.05227279663086
Low and middle income,,2007,6.144872188568115
Low and middle income,,2012,8.018732070922852
Low and middle income,,2014,66.42962646484375
Low and middle income,,2017,9.947059631347656
Low income,,1982,20.090564727783203
Low income,,1987,1.6395864486694336
Low income,,1992,2.948692798614502
Low income,,1997,4.027608394622803
Low income,,2002,2.928290367126465
Low income,,2007,3.6312315464019775
Low income,,2012,3.913422107696533
Low income,,2017,4.405266761779785
Lower middle income,,1972,19.189712524414062
Lower middle income,,1977,1.059422254562378
Lower middle income,,1982,0.9888662695884705
Lower middle income,,1987,1.3097751140594482
Lower middle income,,1992,1.8591481447219849
Lower middle income,,1997,1.9036296606063843
Lower middle income,,2001,23.9985408782959
Lower middle income,,2002,2.0883262157440186
Lower middle income,,2005,21.42181396484375
Lower middle income,,2007,2.6284637451171875
Lower middle income,,2012,3.4306864738464355
Lower middle income,,2017,4.3080878257751465
Luxembourg,LUX,1972,327.23980712890625
Luxembourg,LUX,1977,329.0018615722656
Luxembourg,LUX,1982,290.5394287109375
Luxembourg,LUX,1987,290.7984313964844
Luxembourg,LUX,1992,437.0994567871094
Luxembourg,LUX,1997,523.6614990234375
Luxembourg,LUX,2002,721.5342407226562
Luxembourg,LUX,2007,1017.2333984375
Luxembourg,LUX,2012,1148.1689453125
Luxembourg,LUX,2017,1348.107421875
Madagascar,MDG,1987,0.3713354468345642
Madagascar,MDG,1992,0.41484734416007996
Madagascar,MDG,1997,0.48603391647338867
Madagascar,MDG,2002,0.5324655175209045
Madagascar,MDG,2007,0.7100923657417297
Madagascar,MDG,2012,0.7660638093948364
Madagascar,MDG,2017,0.9027376174926758
Malawi,MWI,1997,2.778426170349121
Malawi,MWI,2002,2.3701601028442383
Malawi,MWI,2007,3.086552858352661
Malawi,MWI,2012,4.109213829040527
Malawi,MWI,2017,5.0064778327941895
Malaysia,MYS,1992,10.2937650680542
Malaysia,MYS,1997,25.080894470214844
Malaysia,MYS,2002,27.468463897705078
Malaysia,MYS,2007,35.47196578979492
Malaysia,MYS,2012,42.29581832885742
Malaysia,MYS,2017,49.658687591552734
Maldives,MDV,1997,333.64862060546875
Maldives,MDV,2002,396.037353515625
Maldives,MDV,2007,616.7783203125
Maldives,MDV,2012,738.0617065429688
Maldives,MDV,2017,996.8030395507812
Mali,MLI,1987,2.8304660320281982
Mali,MLI,1992,1.6724904775619507
Mali,MLI,1997,1.3577373027801514
Mali,MLI,2002,1.4586896896362305
Mali,MLI,2007,1.8356775045394897
Mali,MLI,2012,2.1727285385131836
Mali,MLI,2017,2.8167471885681152
Malta,MLT,1982,103.68277740478516
Malta,MLT,1987,109.32706451416016
Malta,MLT,1992,162.8005828857422
Malta,MLT,1997,193.0909423828125
Malta,MLT,2002,199.90054321289062
Malta,MLT,2007,213.73284912109375
Malta,MLT,2012,222.28501892089844
Malta,MLT,2017,290.2925109863281
Mauritania,MRT,1982,2.2095205783843994
Mauritania,MRT,1987,1.6500741243362427
Mauritania,MRT,1992,1.8035104274749756
Mauritania,MRT,1997,2.0755667686462402
Mauritania,MRT,2002,2.3309595584869385
Mauritania,MRT,2007,3.5872433185577393
Mauritania,MRT,2012,3.9969098567962646
Mauritania,MRT,2017,4.793799877166748
Mauritius,MUS,1977,5.8581647872924805
Mauritius,MUS,1982,5.373420715332031
Mauritius,MUS,1987,6.273595809936523
Mauritius,MUS,1992,7.478373050689697
Mauritius,MUS,1997,9.098053932189941
Mauritius,MUS,2002,10.045076370239258
Mauritius,MUS,2007,13.653343200683594
Mauritius,MUS,2012,18.092304229736328
Mauritius,MUS,2017,20.6624698638916
Mexico,MEX,1982,9.820393562316895
Mexico,MEX,1987,9.374547958374023
Mexico,MEX,1992,10.677459716796875
Mexico,MEX,1997,11.649998664855957
Mexico,MEX,2002,12.068402290344238
Mexico,MEX,2007,12.790026664733887
Mexico,MEX,2012,13.155258178710938
Mexico,MEX,2017,13.98119831085205
Middle East and North Africa,,1977,2.835301637649536
Middle East and North Africa,,1982,3.2106516361236572
Middle East and North Africa,,1987,3.0610198974609375
Middle East and North Africa,,1992,5.029102325439453
Middle East and North Africa,,1997,5.73454475402832
Middle East and North Africa,,2001,23.9985408782959
Middle East and North Africa,,2002,6.312456130981445
Middle East and North Africa,,2005,21.42181396484375
Middle East and North Africa,,2007,8.363022804260254
Middle East and North Africa,,2012,10.711832046508789
Middle East and North Africa,,2017,12.439269065856934
Middle income,,1972,19.189712524414062
Middle income,,1977,1.3675835132598877
Middle income,,1982,1.5922198295593262
Middle income,,1987,2.5290820598602295
Middle income,,1992,3.5279147624969482
Middle income,,1997,3.928312301635742
Middle income,,2001,23.9985408782959
Middle income,,2002,4.6391730308532715
Middle income,,2005,23.05227279663086
Middle income,,2007,6.199868679046631
Middle income,,2012,8.149481773376465
Middle income,,2014,66.42962646484375
Middle income,,2017,10.127134323120117
Moldova,MDA,1997,2.8497796058654785
Moldova,MDA,2002,5.167767524719238
Moldova,MDA,2007,6.961958408355713
Moldova,MDA,2012,7.9854230880737305
Moldova,MDA,2017,10.078619956970215
Monaco,MCO,1992,506.26641845703125
Monaco,MCO,1997,586.3760986328125
Monaco,MCO,2002,695.7424926757812
Monaco,MCO,2007,937.5671997070312
Monaco,MCO,2012,1016.0989990234375
Monaco,MCO,2017,1252.08642578125
Mongolia,MNG,1997,7.7472147941589355
Mongolia,MNG,2002,8.23264217376709
Mongolia,MNG,2007,11.632040977478027
Mongolia,MNG,2012,19.432605743408203
Mongolia,MNG,2017,27.078960418701172
Montenegro,MNE,2007,21.07535171508789
Montenegro,MNE,2012,23.12596893310547
Montenegro,MNE,2017,27.16704559326172
Morocco,MAR,1977,2.3218369483947754
Morocco,MAR,1982,2.4927470684051514
Morocco,MAR,1987,3.057809591293335
Morocco,MAR,1992,3.663544178009033
Morocco,MAR,1997,3.987553834915161
Morocco,MAR,2002,3.8348355293273926
Morocco,MAR,2007,5.966128826141357
Morocco,MAR,2012,8.529494285583496
Morocco,MAR,2017,10.08198356628418
Mozambique,MOZ,1992,4.280051231384277
Mozambique,MOZ,1997,5.311100482940674
Mozambique,MOZ,2002,6.729145050048828
Mozambique,MOZ,2007,7.96474552154541
Mozambique,MOZ,2012,9.5795259475708
Mozambique,MOZ,2017,11.663657188415527
Myanmar,MMR,1987,0.25715360045433044
Myanmar,MMR,1992,0.24801328778266907
Myanmar,MMR,1997,0.3197038769721985
Myanmar,MMR,2002,0.5142855644226074
Myanmar,MMR,2007,0.9562532305717468
Myanmar,MMR,2012,1.4482349157333374
Myanmar,MMR,2017,2.0415356159210205
Namibia,NAM,1987,21.190370559692383
Namibia,NAM,1992,17.810401916503906
Namibia,NAM,1997,18.4615421295166
Namibia,NAM,2002,21.09170913696289
Namibia,NAM,2007,28.554162979125977
Namibia,NAM,2012,34.41826629638672
Namibia,NAM,2017,39.81032180786133
Nepal,NPL,2002,1.4812049865722656
Nepal,NPL,2007,1.7901033163070679
Nepal,NPL,2012,2.2478551864624023
Nepal,NPL,2017,2.8074584007263184
Netherlands,NLD,1982,39.46751022338867
Netherlands,NLD,1987,46.93196487426758
Netherlands,NLD,1992,63.003692626953125
Netherlands,NLD,1997,80.45465850830078
Netherlands,NLD,2002,68.98748779296875
Netherlands,NLD,2007,67.56405639648438
Netherlands,NLD,2012,69.12232208251953
Netherlands,NLD,2017,100.74629974365234
New Zealand,NZL,1982,52.01017761230469
New Zealand,NZL,1987,42.35157775878906
New Zealand,NZL,1992,34.89179611206055
New Zealand,NZL,1997,36.752262115478516
New Zealand,NZL,2002,33.09438705444336
New Zealand,NZL,2007,30.844472885131836
New Zealand,NZL,2012,21.36503791809082
New Zealand,NZL,2017,19.380290985107422
Nicaragua,NIC,2002,5.219451427459717
Nicaragua,NIC,2007,6.116312503814697
Nicaragua,NIC,2012,7.174116134643555
Nicaragua,NIC,2017,9.043267250061035
Niger,NER,1992,6.3886871337890625
Niger,NER,1997,5.518659591674805
Niger,NER,2002,5.6668243408203125
Niger,NER,2007,5.560100555419922
Niger,NER,2012,5.925355434417725
Niger,NER,2017,6.152924537658691
Nigeria,NGA,1987,22.12705421447754
Nigeria,NGA,1992,21.45926856994629
Nigeria,NGA,1997,17.76665687561035
Nigeria,NGA,2002,20.046829223632812
Nigeria,NGA,2007,25.6313533782959
Nigeria,NGA,2012,33.52944564819336
Nigeria,NGA,2017,38.71006774902344
North America,,1982,14.05057430267334
North America,,1987,18.53020668029785
North America,,1992,21.7206974029541
North America,,1997,25.30984878540039
North America,,2002,29.411252975463867
North America,,2007,35.7525749206543
North America,,2012,39.5614013671875
North America,,2017,42.9117317199707
North Macedonia,MKD,1997,4.408242225646973
North Macedonia,MKD,2002,10.344132423400879
North Macedonia,MKD,2007,14.90581226348877
North Macedonia,MKD,2012,14.36751937866211
North Macedonia,MKD,2017,10.028873443603516
Norway,NOR,1982,81.20687866210938
Norway,NOR,1987,94.04869842529297
Norway,NOR,1992,97.30714416503906
Norway,NOR,1997,116.9886474609375
Norway,NOR,2002,122.79176330566406
Norway,NOR,2007,117.68901062011719
Norway,NOR,2012,134.43629455566406
Norway,NOR,2017,148.2646026611328
Oman,OMN,1992,24.314544677734375
Oman,OMN,1997,29.883329391479492
Oman,OMN,2002,33.567623138427734
Oman,OMN,2007,34.359169006347656
Oman,OMN,2012,38.58665466308594
Oman,OMN,2017,44.1595573425293
Pakistan,PAK,1977,0.2850624918937683
Pakistan,PAK,1982,0.4031495749950409
Pakistan,PAK,1987,0.5440579652786255
Pakistan,PAK,1992,0.7151901721954346
Pakistan,PAK,1997,0.7918822169303894
Pakistan,PAK,2002,0.8880019783973694
Pakistan,PAK,2007,1.1497141122817993
Pakistan,PAK,2012,1.2582688331604004
Pakistan,PAK,2017,1.5068351030349731
Palestine,PSE,2001,23.9985408782959
Palestine,PSE,2005,21.42181396484375
Panama,PAN,2012,39.41672134399414
Panama,PAN,2017,49.4842643737793
Papua New Guinea,PNG,2002,34.36444854736328
Papua New Guinea,PNG,2007,35.53563690185547
Papua New Guinea,PNG,2012,44.09603500366211
Papua New Guinea,PNG,2017,60.51021194458008
Paraguay,PRY,1987,32.30939483642578
Paraguay,PRY,1992,38.060306549072266
Paraguay,PRY,1997,45.27054214477539
Paraguay,PRY,2002,25.00775718688965
Paraguay,PRY,2007,15.215972900390625
Paraguay,PRY,2012,12.781946182250977
Paraguay,PRY,2017,16.399925231933594
Peru,PER,2012,11.432188987731934
Peru,PER,2017,12.556461334228516
Philippines,PHL,2007,2.46903920173645
Philippines,PHL,2012,3.012760639190674
Philippines,PHL,2017,3.7855918407440186
Poland,POL,1992,13.901838302612305
Poland,POL,1997,19.213878631591797
Poland,POL,2002,24.81479835510254
Poland,POL,2007,30.916772842407227
Poland,POL,2012,38.22804260253906
Poland,POL,2017,51.25298309326172
Portugal,PRT,1992,15.235663414001465
Portugal,PRT,1997,14.60604190826416
Portugal,PRT,2002,17.64737892150879
Portugal,PRT,2007,22.9888973236084
Portugal,PRT,2012,21.438344955444336
Portugal,PRT,2017,23.01211166381836
Puerto Rico,PRI,1992,87.57758331298828
Puerto Rico,PRI,1997,103.36402130126953
Puerto Rico,PRI,2002,116.9906234741211
Puerto Rico,PRI,2007,110.3783187866211
Puerto Rico,PRI,2012,110.45184326171875
Puerto Rico,PRI,2017,113.2847671508789
Qatar,QAT,2002,200.91030883789062
Qatar,QAT,2007,329.496826171875
Qatar,QAT,2012,564.3818359375
Qatar,QAT,2017,654.7030639648438
Romania,ROU,1992,4.583093643188477
Romania,ROU,1997,8.192670822143555
Romania,ROU,2002,12.311502456665039
Romania,ROU,2007,22.600139617919922
Romania,ROU,2012,24.770557403564453
Romania,ROU,2017,29.485960006713867
Russia,RUS,1992,9.463951110839844
Russia,RUS,1997,9.712284088134766
Russia,RUS,2002,13.05806827545166
Russia,RUS,2007,19.400835037231445
Russia,RUS,2012,21.20209503173828
Russia,RUS,2017,21.597026824951172
Rwanda,RWA,2002,20.545915603637695
Rwanda,RWA,2007,25.80389976501465
Rwanda,RWA,2012,38.36655044555664
Rwanda,RWA,2017,51.16206359863281
Saint Kitts and Nevis,KNA,2012,66.8658218383789
Saint Kitts and Nevis,KNA,2017,76.26827239990234
Saint Lucia,LCA,2007,39.75624465942383
Saint Lucia,LCA,2012,43.3658332824707
Saint Lucia,LCA,2017,45.355751037597656
Saint Vincent and the Grenadines,VCT,1997,50.08265686035156
Saint Vincent and the Grenadines,VCT,2002,61.86676788330078
Saint Vincent and the Grenadines,VCT,2007,81.90872192382812
Saint Vincent and the Grenadines,VCT,2012,89.29425811767578
Saint Vincent and the Grenadines,VCT,2017,98.40928649902344
Sao Tome and Principe,STP,2002,7.908390998840332
Sao Tome and Principe,STP,2007,7.743211269378662
Sao Tome and Principe,STP,2012,7.780673503875732
Sao Tome and Principe,STP,2017,8.35944938659668
Saudi Arabia,SAU,1992,21.02054786682129
Saudi Arabia,SAU,1997,19.02751350402832
Saudi Arabia,SAU,2002,17.24848747253418
Saudi Arabia,SAU,2007,20.73355484008789
Saudi Arabia,SAU,2012,27.32929801940918
Saudi Arabia,SAU,2017,31.14470863342285
Senegal,SEN,1987,5.495082855224609
Senegal,SEN,1992,5.4931182861328125
Senegal,SEN,1997,5.815375328063965
Senegal,SEN,2002,4.91162109375
Senegal,SEN,2007,5.95684289932251
Senegal,SEN,2012,6.916440010070801
Senegal,SEN,2017,9.142436981201172
Serbia,SRB,2007,9.26496696472168
Serbia,SRB,2012,8.73696231842041
Serbia,SRB,2017,7.781469821929932
Seychelles,SYC,1992,54.84269332885742
Seychelles,SYC,1997,68.56830596923828
Seychelles,SYC,2002,77.48532104492188
Seychelles,SYC,2007,93.65156555175781
Seychelles,SYC,2012,104.90493774414062
Seychelles,SYC,2017,133.6806182861328
Sierra Leone,SLE,1987,6.6829514503479
Sierra Leone,SLE,1992,15.734880447387695
Sierra Leone,SLE,1997,10.504380226135254
Sierra Leone,SLE,2002,11.036855697631836
Sierra Leone,SLE,2007,14.139398574829102
Sierra Leone,SLE,2012,19.837745666503906
Sierra Leone,SLE,2017,21.972684860229492
Singapore,SGP,1977,79.4029312133789
Singapore,SGP,1982,59.969974517822266
Singapore,SGP,1987,52.31831359863281
Singapore,SGP,1992,60.203636169433594
Singapore,SGP,1997,74.19417572021484
Singapore,SGP,2002,71.1603775024414
Singapore,SGP,2007,111.89736938476562
Singapore,SGP,2012,285.83514404296875
Singapore,SGP,2017,675.9686279296875
Slovakia,SVK,1997,34.83806228637695
Slovakia,SVK,2002,47.3302001953125
Slovakia,SVK,2007,107.22586059570312
Slovakia,SVK,2012,122.7820816040039
Slovakia,SVK,2017,167.27572631835938
Slovenia,SVN,2002,38.362266540527344
Slovenia,SVN,2007,46.52873229980469
Slovenia,SVN,2012,44.665401458740234
Slovenia,SVN,2017,50.0394401550293
Somalia,SOM,2017,1.2806860208511353
South Africa,ZAF,1992,12.486729621887207
South Africa,ZAF,1997,14.715778350830078
South Africa,ZAF,2002,16.85740089416504
South Africa,ZAF,2007,20.975954055786133
South Africa,ZAF,2012,22.007844924926758
South Africa,ZAF,2017,16.687246322631836
South Asia,,1977,0.5335841774940491
South Asia,,1982,0.5834459662437439
South Asia,,1987,0.710361897945404
South Asia,,1992,0.9163829684257507
South Asia,,1997,1.100245714187622
South Asia,,2002,1.2664810419082642
South Asia,,2007,1.6626310348510742
South Asia,,2012,2.4271678924560547
South Asia,,2017,3.3453989028930664
South Korea,KOR,1992,21.50722885131836
South Korea,KOR,1997,27.22488784790039
South Korea,KOR,2002,30.932737350463867
South Korea,KOR,2007,38.952423095703125
South Korea,KOR,2012,45.864410400390625
South Korea,KOR,2017,53.31526184082031
South Sudan,SSD,2012,17.478010177612305
Spain,ESP,1977,14.1427640914917
Spain,ESP,1982,13.270903587341309
Spain,ESP,1987,14.636722564697266
Spain,ESP,1992,20.94664192199707
Spain,ESP,1997,24.509122848510742
Spain,ESP,2002,29.190505981445312
Spain,ESP,2007,35.181983947753906
Spain,ESP,2012,31.341472625732422
Spain,ESP,2017,40.60859680175781
Sri Lanka,LKA,1992,2.2770309448242188
Sri Lanka,LKA,1997,2.591919422149658
Sri Lanka,LKA,2002,2.8470869064331055
Sri Lanka,LKA,2007,3.8969762325286865
Sri Lanka,LKA,2012,5.4635009765625
Sri Lanka,LKA,2017,6.738300800323486
Sub-Saharan Africa,,1972,29.341934204101562
Sub-Saharan Africa,,1977,14.053632736206055
Sub-Saharan Africa,,1982,6.610226154327393
Sub-Saharan Africa,,1987,8.842509269714355
Sub-Saharan Africa,,1992,9.847806930541992
Sub-Saharan Africa,,1997,10.135282516479492
Sub-Saharan Africa,,2002,10.290173530578613
Sub-Saharan Africa,,2007,12.80524730682373
Sub-Saharan Africa,,2012,12.549823760986328
Sub-Saharan Africa,,2017,13.572100639343262
Sudan,SDN,2012,2.0126655101776123
Sudan,SDN,2017,2.594517469406128
Suriname,SUR,1987,5.4125447273254395
Suriname,SUR,1992,5.092621326446533
Suriname,SUR,1997,4.563351154327393
Suriname,SUR,2002,4.799164295196533
Suriname,SUR,2007,6.808782577514648
Suriname,SUR,2012,8.350281715393066
Suriname,SUR,2017,8.038128852844238
Sweden,SWE,1972,49.42528533935547
Sweden,SWE,1977,53.746070861816406
Sweden,SWE,1982,66.32933807373047
Sweden,SWE,1987,93.86932373046875
Sweden,SWE,1992,97.2425308227539
Sweden,SWE,1997,118.11380004882812
Sweden,SWE,2002,141.33558654785156
Sweden,SWE,2007,170.9447784423828
Sweden,SWE,2012,181.54006958007812
Sweden,SWE,2017,222.65333557128906
Switzerland,CHE,1982,145.29287719726562
Switzerland,CHE,1987,158.64988708496094
Switzerland,CHE,1992,173.24795532226562
Switzerland,CHE,1997,190.63800048828125
Switzerland,CHE,2002,214.4867401123047
Switzerland,CHE,2007,273.1755065917969
Switzerland,CHE,2012,330.3271179199219
Switzerland,CHE,2017,419.76080322265625
Tajikistan,TJK,1997,0.19692479074001312
Tajikistan,TJK,2002,0.28494328260421753
Tajikistan,TJK,2007,0.4446775019168854
Tajikistan,TJK,2012,0.637693464756012
Tajikistan,TJK,2017,0.9088447093963623
Tanzania,TZA,1997,5.657970905303955
Tanzania,TZA,2002,4.047840118408203
Tanzania,TZA,2007,5.674635410308838
Tanzania,TZA,2012,7.553719520568848
Tanzania,TZA,2017,10.429759979248047
Thailand,THA,2007,5.574403285980225
Thailand,THA,2012,6.547619342803955
Thailand,THA,2017,7.545716762542725
Timor,TLS,2007,0.8242476582527161
Timor,TLS,2012,1.23936927318573
Timor,TLS,2017,1.3484907150268555
Togo,TGO,1987,19.905319213867188
Togo,TGO,1992,15.767688751220703
Togo,TGO,1997,16.538677215576172
Togo,TGO,2002,15.419110298156738
Togo,TGO,2007,11.942319869995117
Togo,TGO,2012,15.774806022644043
Togo,TGO,2017,20.650951385498047
Trinidad and Tobago,TTO,1997,36.28817367553711
Trinidad and Tobago,TTO,2002,46.35624313354492
Trinidad and Tobago,TTO,2007,74.02093505859375
Trinidad and Tobago,TTO,2012,72.21952819824219
Trinidad and Tobago,TTO,2017,67.98865509033203
Tunisia,TUN,1977,6.785468101501465
Tunisia,TUN,1982,5.907899856567383
Tunisia,TUN,1987,5.734699249267578
Tunisia,TUN,1992,6.184377193450928
Tunisia,TUN,1997,8.139908790588379
Tunisia,TUN,2002,9.736323356628418
Tunisia,TUN,2007,12.260939598083496
Tunisia,TUN,2012,11.60863208770752
Tunisia,TUN,2017,9.34382438659668
Turkey,TUR,1992,9.666762351989746
Turkey,TUR,1997,11.170075416564941
Turkey,TUR,2002,10.411166191101074
Turkey,TUR,2007,14.235240936279297
Turkey,TUR,2012,14.168725967407227
Turkey,TUR,2017,15.997906684875488
Turkmenistan,TKM,1997,0.32366201281547546
Turkmenistan,TKM,2002,0.41575559973716736
Turkmenistan,TKM,2007,0.586050271987915
Turkmenistan,TKM,2012,0.9924618005752563
Turkmenistan,TKM,2017,1.4530971050262451
Uganda,UGA,1982,19.703371047973633
Uganda,UGA,1987,19.298545837402344
Uganda,UGA,1992,23.9389591217041
Uganda,UGA,1997,32.86946105957031
Uganda,UGA,2002,38.492088317871094
Uganda,UGA,2007,34.19412612915039
Uganda,UGA,2012,44.20441818237305
Uganda,UGA,2017,55.06593322753906
Ukraine,UKR,1992,4.916141033172607
Ukraine,UKR,1997,3.0581562519073486
Ukraine,UKR,2002,4.539062023162842
Ukraine,UKR,2007,7.527090549468994
Ukraine,UKR,2012,8.3882417678833
Ukraine,UKR,2017,11.043496131896973
United Arab Emirates,ARE,1982,104.73799133300781
United Arab Emirates,ARE,1987,63.76063537597656
United Arab Emirates,ARE,1992,77.99137878417969
United Arab Emirates,ARE,1997,81.53854370117188
United Arab Emirates,ARE,2002,87.90888214111328
United Arab Emirates,ARE,2007,101.1302719116211
United Arab Emirates,ARE,2012,115.29805755615234
United Arab Emirates,ARE,2017,147.485595703125
United Kingdom,GBR,1982,104.71623992919922
United Kingdom,GBR,1987,136.94859313964844
United Kingdom,GBR,1992,144.37168884277344
United Kingdom,GBR,1997,166.7441864013672
United Kingdom,GBR,2002,188.02618408203125
United Kingdom,GBR,2007,319.3541564941406
United Kingdom,GBR,2012,339.99700927734375
United Kingdom,GBR,2017,360.5199279785156
United States,USA,1982,14.05057430267334
United States,USA,1987,18.53020668029785
United States,USA,1992,21.7206974029541
United States,USA,1997,25.59124755859375
United States,USA,2002,29.682580947875977
United States,USA,2007,35.956356048583984
United States,USA,2012,39.4976692199707
United States,USA,2017,42.71675109863281
Upper middle income,,1977,4.3420186042785645
Upper middle income,,1982,2.3340561389923096
Upper middle income,,1987,4.1230082511901855
Upper middle income,,1992,5.4552717208862305
Upper middle income,,1997,6.508084774017334
Upper middle income,,2002,8.092368125915527
Upper middle income,,2005,89.57498931884766
Upper middle income,,2007,11.316574096679688
Upper middle income,,2012,14.529298782348633
Upper middle income,,2014,66.42962646484375
Upper middle income,,2017,18.1879940032959
Uruguay,URY,1967,19.670778274536133
Uruguay,URY,1972,14.032027244567871
Uruguay,URY,1977,12.056741714477539
Uruguay,URY,1982,10.423420906066895
Uruguay,URY,1987,9.158854484558105
Uruguay,URY,1992,9.008687019348145
Uruguay,URY,1997,9.78930950164795
Uruguay,URY,2002,8.114444732666016
Uruguay,URY,2007,10.236692428588867
Uruguay,URY,2012,13.424531936645508
Uruguay,URY,2017,15.04272174835205
Uzbekistan,UZB,1997,0.4876651465892792
Uzbekistan,UZB,2002,0.6076592803001404
Uzbekistan,UZB,2007,0.9106555581092834
Uzbekistan,UZB,2012,1.316718339920044
Uzbekistan,UZB,2017,1.5400601625442505
Vietnam,VNM,1987,0.6501215696334839
Vietnam,VNM,1992,0.7631675004959106
Vietnam,VNM,1997,0.9832724332809448
Vietnam,VNM,2002,1.1375924348831177
Vietnam,VNM,2007,1.494447112083435
Vietnam,VNM,2012,1.9804660081863403
Vietnam,VNM,2017,2.6779775619506836
World,OWID_WRL,1972,25.621170043945312
World,OWID_WRL,1977,3.9510738849639893
World,OWID_WRL,1982,8.753722190856934
World,OWID_WRL,1987,10.192790031433105
World,OWID_WRL,1992,11.735001564025879
World,OWID_WRL,1997,12.890871047973633
World,OWID_WRL,2001,23.9985408782959
World,OWID_WRL,2002,14.17558479309082
World,OWID_WRL,2005,23.05227279663086
World,OWID_WRL,2007,16.201353073120117
World,OWID_WRL,2012,17.914602279663086
World,OWID_WRL,2014,66.42962646484375
World,OWID_WRL,2017,20.436580657958984
Yemen,YEM,1992,9.122586250305176
Yemen,YEM,1997,10.932695388793945
Yemen,YEM,2002,12.953506469726562
Yemen,YEM,2007,15.250894546508789
Yemen,YEM,2012,15.803893089294434
Yemen,YEM,2017,10.242612838745117
Zambia,ZMB,1992,3.846597194671631
Zambia,ZMB,1997,4.493886947631836
Zambia,ZMB,2002,5.642472743988037
Zambia,ZMB,2007,8.097651481628418
Zambia,ZMB,2012,11.94168472290039
Zambia,ZMB,2017,14.520767211914062
Zimbabwe,ZWE,1987,11.471495628356934
Zimbabwe,ZWE,1992,7.343930721282959
Zimbabwe,ZWE,1997,6.348791122436523
Zimbabwe,ZWE,2002,4.430755138397217
Zimbabwe,ZWE,2007,3.5784380435943604
Zimbabwe,ZWE,2012,5.428182601928711
Zimbabwe,ZWE,2017,6.307054042816162